"","cobject","target","fit","lwr","upr","diff","sim"
"1","Subject",0.219512195121951,0.219512195121951,0.0304852639779874,0.408539126265915,-0.380487804878049,"Observed"
"2","Object",0.6,0.6,0.428828833701123,0.771171166298878,-0.380487804878049,"Observed"
"11","Subject",0.219512195121951,0.268292682926829,0.0754565823072132,0.461128783546445,-0.291707317073171,"Exp. 1"
"21","Object",0.6,0.56,0.385379484035276,0.734620515964724,-0.291707317073171,"Exp. 1"
"12","Subject",0.219512195121951,0.414634146341463,0.216532831231916,0.61273546145101,-0.0253658536585367,"Exp. 2"
"22","Object",0.6,0.44,0.260611629531153,0.619388370468847,-0.0253658536585367,"Exp. 2"
"13","Subject",0.219512195121951,0.560975609756097,0.366439135302375,0.75551208420982,0.240975609756097,"Exp. 3"
"23","Object",0.6,0.32,0.143839730040611,0.496160269959389,0.240975609756097,"Exp. 3"
